old_path,new_path
/resources/cassopolis-village-michigan-sales-tax,/sales-tax-calculator/cassopolis-michigan
/resources/avalon-borough-new-jersey-sales-tax,/sales-tax-calculator/avalon-new-jersey
/resources/alamo-texas-sales-tax,/sales-tax-calculator/alamo-texas
/resources/bronson-florida-sales-tax,/sales-tax-calculator/bronson-florida
/resources/coahoma-texas-sales-tax,/sales-tax-calculator/coahoma-texas
/resources/colon-village-michigan-sales-tax,/sales-tax-calculator/colon-michigan
/resources/conger-minnesota-sales-tax,/sales-tax-calculator/conger-minnesota
/resources/crossville-village-illinois-sales-tax,/sales-tax-calculator/crossville-illinois
/resources/losantville-indiana-sales-tax,/sales-tax-calculator/losantville-indiana
/resources/maybrook-village-new-york-sales-tax,/sales-tax-calculator/maybrook-new-york
/resources/reno-nevada-sales-tax,/sales-tax-calculator/reno-nevada
/resources/altamont-tennessee-sales-tax,/sales-tax-calculator/altamont-tennessee
/resources/baden-borough-pennsylvania-sales-tax,/sales-tax-calculator/baden-pennsylvania
/resources/bainbridge-island-washington-sales-tax,/sales-tax-calculator/bainbridge-island-washington
/resources/balch-springs-texas-sales-tax,/sales-tax-calculator/balch-springs-texas
/resources/bradford-village-illinois-sales-tax,/sales-tax-calculator/bradford-illinois
/resources/burgettstown-borough-pennsylvania-sales-tax,/sales-tax-calculator/burgettstown-pennsylvania
/resources/canajoharie-village-new-york-sales-tax,/sales-tax-calculator/canajoharie-new-york
/resources/castleton-on-hudson-village-new-york-sales-tax,/sales-tax-calculator/castleton-on-hudson-new-york
/resources/cheboygan-michigan-sales-tax,/sales-tax-calculator/cheboygan-michigan
/resources/davison-michigan-sales-tax,/sales-tax-calculator/davison-michigan
/resources/doerun-georgia-sales-tax,/sales-tax-calculator/doerun-georgia
/resources/dublin-virginia-sales-tax,/sales-tax-calculator/dublin-virginia
/resources/elsberry-missouri-sales-tax,/sales-tax-calculator/elsberry-missouri
/resources/englishtown-borough-new-jersey-sales-tax,/sales-tax-calculator/englishtown-new-jersey
/resources/factoryville-borough-pennsylvania-sales-tax,/sales-tax-calculator/factoryville-pennsylvania
/resources/fairfield-ohio-sales-tax,/sales-tax-calculator/fairfield-ohio
/resources/galax-virginia-sales-tax,/sales-tax-calculator/galax-virginia
/resources/hahira-georgia-sales-tax,/sales-tax-calculator/hahira-georgia
/resources/jeffersonville-village-ohio-sales-tax,/sales-tax-calculator/jeffersonville-ohio
/resources/junction-city-kansas-sales-tax,/sales-tax-calculator/junction-city-kansas
/resources/kress-texas-sales-tax,/sales-tax-calculator/kress-texas
/resources/lakeview-village-ohio-sales-tax,/sales-tax-calculator/lakeview-ohio
/resources/leicester-village-new-york-sales-tax,/sales-tax-calculator/leicester-new-york
/resources/lemoyne-borough-pennsylvania-sales-tax,/sales-tax-calculator/lemoyne-pennsylvania
/resources/lowellville-village-ohio-sales-tax,/sales-tax-calculator/lowellville-ohio
/resources/macomb-illinois-sales-tax,/sales-tax-calculator/macomb-illinois
/resources/macon-missouri-sales-tax,/sales-tax-calculator/macon-missouri
/resources/mishicot-wisconsin-sales-tax,/sales-tax-calculator/mishicot-wisconsin
/resources/mount-calvary-wisconsin-sales-tax,/sales-tax-calculator/mount-calvary-wisconsin
/resources/mount-rainier-maryland-sales-tax,/sales-tax-calculator/mount-rainier-maryland
/resources/nanty-glo-borough-pennsylvania-sales-tax,/sales-tax-calculator/nanty-glo-pennsylvania
/resources/nelsonville-wisconsin-sales-tax,/sales-tax-calculator/nelsonville-wisconsin
/resources/newburg-missouri-sales-tax,/sales-tax-calculator/newburg-missouri
/resources/post-falls-idaho-sales-tax,/sales-tax-calculator/post-falls-idaho
/resources/riverside-missouri-sales-tax,/sales-tax-calculator/riverside-missouri
/resources/snow-hill-maryland-sales-tax,/sales-tax-calculator/snow-hill-maryland
/resources/spring-valley-wisconsin-sales-tax,/sales-tax-calculator/spring-valley-wisconsin
/resources/st-cloud-wisconsin-sales-tax,/sales-tax-calculator/saint-cloud-wisconsin
/resources/summersville-missouri-sales-tax,/sales-tax-calculator/summersville-missouri
/resources/venice-illinois-sales-tax,/sales-tax-calculator/venice-illinois
/resources/victor-colorado-sales-tax,/sales-tax-calculator/victor-colorado
/resources/whiting-indiana-sales-tax,/sales-tax-calculator/whiting-indiana
/resources/wolverine-village-michigan-sales-tax,/sales-tax-calculator/wolverine-michigan
/resources/abbeville-south-carolina-sales-tax,/sales-tax-calculator/abbeville-south-carolina
/resources/addison-texas-sales-tax,/sales-tax-calculator/addison-texas
/resources/adena-village-ohio-sales-tax,/sales-tax-calculator/adena-ohio
/resources/agawam-massachusetts-sales-tax,/sales-tax-calculator/agawam-massachusetts
/resources/agoura-hills-california-sales-tax,/sales-tax-calculator/agoura-hills-california
/resources/albion-borough-pennsylvania-sales-tax,/sales-tax-calculator/albion-pennsylvania
/resources/allen-oklahoma-sales-tax,/sales-tax-calculator/allen-oklahoma
/resources/almond-village-new-york-sales-tax,/sales-tax-calculator/almond-new-york
/resources/alto-texas-sales-tax,/sales-tax-calculator/alto-texas
/resources/amazonia-village-missouri-sales-tax,/sales-tax-calculator/amazonia-missouri
/resources/amsterdam-new-york-sales-tax,/sales-tax-calculator/amsterdam-new-york
/resources/antioch-village-illinois-sales-tax,/sales-tax-calculator/antioch-illinois
/resources/apollo-borough-pennsylvania-sales-tax,/sales-tax-calculator/apollo-pennsylvania
/resources/apple-valley-california-sales-tax,/sales-tax-calculator/apple-valley-california
/resources/appleton-wisconsin-sales-tax,/sales-tax-calculator/appleton-wisconsin
/resources/arcadia-california-sales-tax,/sales-tax-calculator/arcadia-california
/resources/arlington-georgia-sales-tax,/sales-tax-calculator/arlington-georgia
/resources/arlington-washington-sales-tax,/sales-tax-calculator/arlington-washington
/resources/arnett-oklahoma-sales-tax,/sales-tax-calculator/arnett-oklahoma
/resources/arp-texas-sales-tax,/sales-tax-calculator/arp-texas
/resources/artesia-california-sales-tax,/sales-tax-calculator/artesia-california
/resources/ashtabula-ohio-sales-tax,/sales-tax-calculator/ashtabula-ohio
/resources/athens-georgia-sales-tax,/sales-tax-calculator/athens-georgia
/resources/athens-ohio-sales-tax,/sales-tax-calculator/athens-ohio
/resources/athens-village-michigan-sales-tax,/sales-tax-calculator/athens-michigan
/resources/athens-wisconsin-sales-tax,/sales-tax-calculator/athens-wisconsin
/resources/atlanta-missouri-sales-tax,/sales-tax-calculator/atlanta-missouri
/resources/atwater-minnesota-sales-tax,/sales-tax-calculator/atwater-minnesota
/resources/auburn-new-york-sales-tax,/sales-tax-calculator/auburn-new-york
/resources/augusta-georgia-sales-tax,/sales-tax-calculator/augusta-georgia
/resources/augusta-wisconsin-sales-tax,/sales-tax-calculator/augusta-wisconsin
/resources/aurora-colorado-sales-tax,/sales-tax-calculator/aurora-colorado
/resources/aurora-indiana-sales-tax,/sales-tax-calculator/aurora-indiana
/resources/austell-georgia-sales-tax,/sales-tax-calculator/austell-georgia
/resources/autaugaville-alabama-sales-tax,/sales-tax-calculator/autaugaville-alabama
/resources/avon-colorado-sales-tax,/sales-tax-calculator/avon-colorado
/resources/azle-texas-sales-tax,/sales-tax-calculator/azle-texas
/resources/baltimore-maryland-sales-tax,/sales-tax-calculator/baltimore-maryland
/resources/bangor-borough-pennsylvania-sales-tax,/sales-tax-calculator/bangor-pennsylvania
/resources/barstow-texas-sales-tax,/sales-tax-calculator/barstow-texas
/resources/barwick-georgia-sales-tax,/sales-tax-calculator/barwick-georgia
/resources/battle-ground-indiana-sales-tax,/sales-tax-calculator/battle-ground-indiana
/resources/bayfield-colorado-sales-tax,/sales-tax-calculator/bayfield-colorado
/resources/beckley-west-virginia-sales-tax,/sales-tax-calculator/beckley-west-virginia
/resources/bellaire-texas-sales-tax,/sales-tax-calculator/bellaire-texas
/resources/belle-center-village-ohio-sales-tax,/sales-tax-calculator/belle-center-ohio
/resources/belleview-florida-sales-tax,/sales-tax-calculator/belleview-florida
/resources/bellevue-idaho-sales-tax,/sales-tax-calculator/bellevue-idaho
/resources/belmore-village-ohio-sales-tax,/sales-tax-calculator/belmore-ohio
/resources/belton-texas-sales-tax,/sales-tax-calculator/belton-texas
/resources/bendersville-borough-pennsylvania-sales-tax,/sales-tax-calculator/bendersville-pennsylvania
/resources/benson-minnesota-sales-tax,/sales-tax-calculator/benson-minnesota
/resources/berrysburg-borough-pennsylvania-sales-tax,/sales-tax-calculator/berrysburg-pennsylvania
/resources/bethel-minnesota-sales-tax,/sales-tax-calculator/bethel-minnesota
/resources/beulaville-north-carolina-sales-tax,/sales-tax-calculator/beulaville-north-carolina
/resources/big-falls-wisconsin-sales-tax,/sales-tax-calculator/big-falls-wisconsin
/resources/biscoe-north-carolina-sales-tax,/sales-tax-calculator/biscoe-north-carolina
/resources/black-diamond-washington-sales-tax,/sales-tax-calculator/black-diamond-washington
/resources/blackwater-missouri-sales-tax,/sales-tax-calculator/blackwater-missouri
/resources/blaine-washington-sales-tax,/sales-tax-calculator/blaine-washington
/resources/blanca-colorado-sales-tax,/sales-tax-calculator/blanca-colorado
/resources/bloomington-illinois-sales-tax,/sales-tax-calculator/bloomington-illinois
/resources/boise-idaho-sales-tax,/sales-tax-calculator/boise-idaho
/resources/bolingbrook-village-illinois-sales-tax,/sales-tax-calculator/bolingbrook-illinois
/resources/boonville-village-new-york-sales-tax,/sales-tax-calculator/boonville-new-york
/resources/bradford-pennsylvania-sales-tax,/sales-tax-calculator/bradford-pennsylvania
/resources/brea-california-sales-tax,/sales-tax-calculator/brea-california
/resources/broadview-heights-ohio-sales-tax,/sales-tax-calculator/broadview-heights-ohio
/resources/bromide-oklahoma-sales-tax,/sales-tax-calculator/bromide-oklahoma
/resources/brookeville-maryland-sales-tax,/sales-tax-calculator/brookeville-maryland
/resources/brownstown-village-illinois-sales-tax,/sales-tax-calculator/brownstown-illinois
/resources/buford-georgia-sales-tax,/sales-tax-calculator/buford-georgia
/resources/burbank-illinois-sales-tax,/sales-tax-calculator/burbank-illinois
/resources/burlingame-california-sales-tax,/sales-tax-calculator/burlingame-california
/resources/butler-indiana-sales-tax,/sales-tax-calculator/butler-indiana
/resources/cadillac-michigan-sales-tax,/sales-tax-calculator/cadillac-michigan
/resources/calhoun-kentucky-sales-tax,/sales-tax-calculator/calhoun-kentucky
/resources/camden-village-michigan-sales-tax,/sales-tax-calculator/camden-michigan
/resources/cameron-oklahoma-sales-tax,/sales-tax-calculator/cameron-oklahoma
/resources/cameron-texas-sales-tax,/sales-tax-calculator/cameron-texas
/resources/camp-douglas-wisconsin-sales-tax,/sales-tax-calculator/camp-douglas-wisconsin
/resources/canal-fulton-ohio-sales-tax,/sales-tax-calculator/canal-fulton-ohio
/resources/carbondale-illinois-sales-tax,/sales-tax-calculator/carbondale-illinois
/resources/carrier-oklahoma-sales-tax,/sales-tax-calculator/carrier-oklahoma
/resources/carrollton-alabama-sales-tax,/sales-tax-calculator/carrollton-alabama
/resources/carrollton-georgia-sales-tax,/sales-tax-calculator/carrollton-georgia
/resources/carrollton-missouri-sales-tax,/sales-tax-calculator/carrollton-missouri
/resources/cashton-wisconsin-sales-tax,/sales-tax-calculator/cashton-wisconsin
/resources/casnovia-village-michigan-sales-tax,/sales-tax-calculator/casnovia-michigan
/resources/castalia-village-ohio-sales-tax,/sales-tax-calculator/castalia-ohio
/resources/castle-oklahoma-sales-tax,/sales-tax-calculator/castle-oklahoma
/resources/cedar-park-texas-sales-tax,/sales-tax-calculator/cedar-park-texas
/resources/central-city-kentucky-sales-tax,/sales-tax-calculator/central-city-kentucky
/resources/centuria-wisconsin-sales-tax,/sales-tax-calculator/centuria-wisconsin
/resources/cerritos-california-sales-tax,/sales-tax-calculator/cerritos-california
/resources/challis-idaho-sales-tax,/sales-tax-calculator/challis-idaho
/resources/chambersburg-borough-pennsylvania-sales-tax,/sales-tax-calculator/chambersburg-pennsylvania
/resources/chapel-hill-north-carolina-sales-tax,/sales-tax-calculator/chapel-hill-north-carolina
/resources/charlotte-north-carolina-sales-tax,/sales-tax-calculator/charlotte-north-carolina
/resources/chatom-alabama-sales-tax,/sales-tax-calculator/chatom-alabama
/resources/chatsworth-georgia-sales-tax,/sales-tax-calculator/chatsworth-georgia
/resources/chattahoochee-florida-sales-tax,/sales-tax-calculator/chattahoochee-florida
/resources/cherry-valley-village-illinois-sales-tax,/sales-tax-calculator/cherry-valley-illinois
/resources/chesaning-village-michigan-sales-tax,/sales-tax-calculator/chesaning-michigan
/resources/chester-pennsylvania-sales-tax,/sales-tax-calculator/chester-pennsylvania
/resources/chesterhill-village-ohio-sales-tax,/sales-tax-calculator/chesterhill-ohio
/resources/chetopa-kansas-sales-tax,/sales-tax-calculator/chetopa-kansas
/resources/chickamauga-georgia-sales-tax,/sales-tax-calculator/chickamauga-georgia
/resources/chino-valley-arizona-sales-tax,/sales-tax-calculator/chino-valley-arizona
/resources/cicero-illinois-sales-tax,/sales-tax-calculator/cicero-illinois
/resources/clark-fork-idaho-sales-tax,/sales-tax-calculator/clark-fork-idaho
/resources/clarkston-georgia-sales-tax,/sales-tax-calculator/clarkston-georgia
/resources/clayton-california-sales-tax,/sales-tax-calculator/clayton-california
/resources/clearmont-missouri-sales-tax,/sales-tax-calculator/clearmont-missouri
/resources/clements-minnesota-sales-tax,/sales-tax-calculator/clements-minnesota
/resources/cleveland-ohio-sales-tax,/sales-tax-calculator/cleveland-ohio
/resources/cleveland-texas-sales-tax,/sales-tax-calculator/cleveland-texas
/resources/clinton-illinois-sales-tax,/sales-tax-calculator/clinton-illinois
/resources/clinton-wisconsin-sales-tax,/sales-tax-calculator/clinton-wisconsin
/resources/cloverdale-indiana-sales-tax,/sales-tax-calculator/cloverdale-indiana
/resources/clyde-village-new-york-sales-tax,/sales-tax-calculator/clyde-new-york
/resources/coats-north-carolina-sales-tax,/sales-tax-calculator/coats-north-carolina
/resources/cold-spring-village-new-york-sales-tax,/sales-tax-calculator/cold-spring-new-york
/resources/colfax-washington-sales-tax,/sales-tax-calculator/colfax-washington
/resources/collegedale-tennessee-sales-tax,/sales-tax-calculator/collegedale-tennessee
/resources/collierville-tennessee-sales-tax,/sales-tax-calculator/collierville-tennessee
/resources/columbus-ohio-sales-tax,/sales-tax-calculator/columbus-ohio
/resources/commerce-city-colorado-sales-tax,/sales-tax-calculator/commerce-city-colorado
/resources/copemish-village-michigan-sales-tax,/sales-tax-calculator/copemish-michigan
/resources/corning-california-sales-tax,/sales-tax-calculator/corning-california
/resources/cornwall-borough-pennsylvania-sales-tax,/sales-tax-calculator/cornwall-pennsylvania
/resources/craig-missouri-sales-tax,/sales-tax-calculator/craig-missouri
/resources/cresson-texas-sales-tax,/sales-tax-calculator/cresson-texas
/resources/crosby-minnesota-sales-tax,/sales-tax-calculator/crosby-minnesota
/resources/crystal-river-florida-sales-tax,/sales-tax-calculator/crystal-river-florida
/resources/cuba-kansas-sales-tax,/sales-tax-calculator/cuba-kansas
/resources/cudahy-wisconsin-sales-tax,/sales-tax-calculator/cudahy-wisconsin
/resources/culloden-georgia-sales-tax,/sales-tax-calculator/culloden-georgia
/resources/cullom-village-illinois-sales-tax,/sales-tax-calculator/cullom-illinois
/resources/culpeper-virginia-sales-tax,/sales-tax-calculator/culpeper-virginia
/resources/culver-city-california-sales-tax,/sales-tax-calculator/culver-city-california
/resources/cushing-texas-sales-tax,/sales-tax-calculator/cushing-texas
/resources/danbury-north-carolina-sales-tax,/sales-tax-calculator/danbury-north-carolina
/resources/danville-georgia-sales-tax,/sales-tax-calculator/danville-georgia
/resources/danville-illinois-sales-tax,/sales-tax-calculator/danville-illinois
/resources/darrington-washington-sales-tax,/sales-tax-calculator/darrington-washington
/resources/davis-california-sales-tax,/sales-tax-calculator/davis-california
/resources/dayton-texas-sales-tax,/sales-tax-calculator/dayton-texas
/resources/de-motte-indiana-sales-tax,/sales-tax-calculator/demotte-indiana
/resources/delaware-ohio-sales-tax,/sales-tax-calculator/delaware-ohio
/resources/dellroy-village-ohio-sales-tax,/sales-tax-calculator/dellroy-ohio
/resources/denton-georgia-sales-tax,/sales-tax-calculator/denton-georgia
/resources/detroit-texas-sales-tax,/sales-tax-calculator/detroit-texas
/resources/devol-oklahoma-sales-tax,/sales-tax-calculator/devol-oklahoma
/resources/dewey-oklahoma-sales-tax,/sales-tax-calculator/dewey-oklahoma
/resources/dieterich-village-illinois-sales-tax,/sales-tax-calculator/dieterich-illinois
/resources/dilley-texas-sales-tax,/sales-tax-calculator/dilley-texas
/resources/district-heights-maryland-sales-tax,/sales-tax-calculator/district-heights-maryland
/resources/doniphan-missouri-sales-tax,/sales-tax-calculator/doniphan-missouri
/resources/douglas-michigan-sales-tax,/sales-tax-calculator/douglas-michigan
/resources/downs-village-illinois-sales-tax,/sales-tax-calculator/downs-illinois
/resources/dublin-ohio-sales-tax,/sales-tax-calculator/dublin-ohio
/resources/dunkirk-new-york-sales-tax,/sales-tax-calculator/dunkirk-new-york
/resources/eagle-village-nebraska-sales-tax,/sales-tax-calculator/eagle-nebraska
/resources/east-lansing-michigan-sales-tax,/sales-tax-calculator/east-lansing-michigan
/resources/east-rutherford-borough-new-jersey-sales-tax,/sales-tax-calculator/east-rutherford-new-jersey
/resources/eden-north-carolina-sales-tax,/sales-tax-calculator/eden-north-carolina
/resources/electric-city-washington-sales-tax,/sales-tax-calculator/electric-city-washington
/resources/eleva-wisconsin-sales-tax,/sales-tax-calculator/eleva-wisconsin
/resources/elgin-texas-sales-tax,/sales-tax-calculator/elgin-texas
/resources/elizabethtown-kentucky-sales-tax,/sales-tax-calculator/elizabethtown-kentucky
/resources/ellensburg-washington-sales-tax,/sales-tax-calculator/ellensburg-washington
/resources/embarrass-wisconsin-sales-tax,/sales-tax-calculator/embarrass-wisconsin
/resources/emeryville-california-sales-tax,/sales-tax-calculator/emeryville-california
/resources/enumclaw-washington-sales-tax,/sales-tax-calculator/enumclaw-washington
/resources/erie-pennsylvania-sales-tax,/sales-tax-calculator/erie-pennsylvania
/resources/erwin-north-carolina-sales-tax,/sales-tax-calculator/erwin-north-carolina
/resources/eureka-california-sales-tax,/sales-tax-calculator/eureka-california
/resources/exeter-missouri-sales-tax,/sales-tax-calculator/exeter-missouri
/resources/fair-play-missouri-sales-tax,/sales-tax-calculator/fair-play-missouri
/resources/fairfield-texas-sales-tax,/sales-tax-calculator/fairfield-texas
/resources/fairplay-colorado-sales-tax,/sales-tax-calculator/fairplay-colorado
/resources/farmersville-california-sales-tax,/sales-tax-calculator/farmersville-california
/resources/federal-way-washington-sales-tax,/sales-tax-calculator/federal-way-washington
/resources/federalsburg-maryland-sales-tax,/sales-tax-calculator/federalsburg-maryland
/resources/fitchburg-massachusetts-sales-tax,/sales-tax-calculator/fitchburg-massachusetts
/resources/flagstaff-arizona-sales-tax,/sales-tax-calculator/flagstaff-arizona
/resources/flatonia-texas-sales-tax,/sales-tax-calculator/flatonia-texas
/resources/florham-park-borough-new-jersey-sales-tax,/sales-tax-calculator/florham-park-new-jersey
/resources/fort-jones-california-sales-tax,/sales-tax-calculator/fort-jones-california
/resources/fort-lauderdale-florida-sales-tax,/sales-tax-calculator/fort-lauderdale-florida
/resources/fort-worth-texas-sales-tax,/sales-tax-calculator/fort-worth-texas
/resources/foster-village-missouri-sales-tax,/sales-tax-calculator/foster-missouri
/resources/fowler-california-sales-tax,/sales-tax-calculator/fowler-california
/resources/fowler-village-michigan-sales-tax,/sales-tax-calculator/fowler-michigan
/resources/foxhome-minnesota-sales-tax,/sales-tax-calculator/foxhome-minnesota
/resources/franklin-virginia-sales-tax,/sales-tax-calculator/franklin-virginia
/resources/fredonia-borough-pennsylvania-sales-tax,/sales-tax-calculator/fredonia-pennsylvania
/resources/fredonia-wisconsin-sales-tax,/sales-tax-calculator/fredonia-wisconsin
/resources/freehold-borough-new-jersey-sales-tax,/sales-tax-calculator/freehold-new-jersey
/resources/frost-texas-sales-tax,/sales-tax-calculator/frost-texas
/resources/fulshear-texas-sales-tax,/sales-tax-calculator/fulshear-texas
/resources/fulton-texas-sales-tax,/sales-tax-calculator/fulton-texas
/resources/fultonham-village-ohio-sales-tax,/sales-tax-calculator/fultonham-ohio
/resources/furman-south-carolina-sales-tax,/sales-tax-calculator/furman-south-carolina
/resources/gainesville-georgia-sales-tax,/sales-tax-calculator/gainesville-georgia
/resources/gainesville-texas-sales-tax,/sales-tax-calculator/gainesville-texas
/resources/gainesville-village-new-york-sales-tax,/sales-tax-calculator/gainesville-new-york
/resources/galatia-village-illinois-sales-tax,/sales-tax-calculator/galatia-illinois
/resources/galien-village-michigan-sales-tax,/sales-tax-calculator/galien-michigan
/resources/garfield-georgia-sales-tax,/sales-tax-calculator/garfield-georgia
/resources/garfield-washington-sales-tax,/sales-tax-calculator/garfield-washington
/resources/geneva-indiana-sales-tax,/sales-tax-calculator/geneva-indiana
/resources/gibsonville-north-carolina-sales-tax,/sales-tax-calculator/gibsonville-north-carolina
/resources/glasgow-borough-pennsylvania-sales-tax,/sales-tax-calculator/glasgow-pennsylvania
/resources/glen-echo-maryland-sales-tax,/sales-tax-calculator/glen-echo-maryland
/resources/glen-st-mary-florida-sales-tax,/sales-tax-calculator/glen-saint-mary-florida
/resources/graceville-florida-sales-tax,/sales-tax-calculator/graceville-florida
/resources/grand-blanc-michigan-sales-tax,/sales-tax-calculator/grand-blanc-michigan
/resources/grand-haven-michigan-sales-tax,/sales-tax-calculator/grand-haven-michigan
/resources/grand-terrace-california-sales-tax,/sales-tax-calculator/grand-terrace-california
/resources/grant-park-village-illinois-sales-tax,/sales-tax-calculator/grant-park-illinois
/resources/grantsboro-north-carolina-sales-tax,/sales-tax-calculator/grantsboro-north-carolina
/resources/grayslake-village-illinois-sales-tax,/sales-tax-calculator/grayslake-illinois
/resources/great-bend-borough-pennsylvania-sales-tax,/sales-tax-calculator/great-bend-pennsylvania
/resources/green-city-missouri-sales-tax,/sales-tax-calculator/green-city-missouri
/resources/greenfield-missouri-sales-tax,/sales-tax-calculator/greenfield-missouri
/resources/greenport-village-new-york-sales-tax,/sales-tax-calculator/greenport-new-york
/resources/greensboro-florida-sales-tax,/sales-tax-calculator/greensboro-florida
/resources/grove-city-ohio-sales-tax,/sales-tax-calculator/grove-city-ohio
/resources/guilford-missouri-sales-tax,/sales-tax-calculator/guilford-missouri
/resources/gustine-texas-sales-tax,/sales-tax-calculator/gustine-texas
/resources/hackensack-new-jersey-sales-tax,/sales-tax-calculator/hackensack-new-jersey
/resources/haddon-heights-borough-new-jersey-sales-tax,/sales-tax-calculator/haddon-heights-new-jersey
/resources/haddonfield-borough-new-jersey-sales-tax,/sales-tax-calculator/haddonfield-new-jersey
/resources/haledon-borough-new-jersey-sales-tax,/sales-tax-calculator/haledon-new-jersey
/resources/hamilton-virginia-sales-tax,/sales-tax-calculator/hamilton-virginia
/resources/hamlet-indiana-sales-tax,/sales-tax-calculator/hamlet-indiana
/resources/hampton-borough-new-jersey-sales-tax,/sales-tax-calculator/hampton-new-jersey
/resources/hanna-oklahoma-sales-tax,/sales-tax-calculator/hanna-oklahoma
/resources/haralson-georgia-sales-tax,/sales-tax-calculator/haralson-georgia
/resources/harbor-beach-michigan-sales-tax,/sales-tax-calculator/harbor-beach-michigan
/resources/harker-heights-texas-sales-tax,/sales-tax-calculator/harker-heights-texas
/resources/harrogate-tennessee-sales-tax,/sales-tax-calculator/harrogate-tennessee
/resources/hartford-city-indiana-sales-tax,/sales-tax-calculator/hartford-city-indiana
/resources/hartland-wisconsin-sales-tax,/sales-tax-calculator/hartland-wisconsin
/resources/haskell-texas-sales-tax,/sales-tax-calculator/haskell-texas
/resources/hawley-borough-pennsylvania-sales-tax,/sales-tax-calculator/hawley-pennsylvania
/resources/hearne-texas-sales-tax,/sales-tax-calculator/hearne-texas
/resources/hebron-maryland-sales-tax,/sales-tax-calculator/hebron-maryland
/resources/herington-kansas-sales-tax,/sales-tax-calculator/herington-kansas
/resources/hibbing-minnesota-sales-tax,/sales-tax-calculator/hibbing-minnesota
/resources/higbee-missouri-sales-tax,/sales-tax-calculator/higbee-missouri
/resources/hillsdale-borough-new-jersey-sales-tax,/sales-tax-calculator/hillsdale-new-jersey
/resources/hitchcock-texas-sales-tax,/sales-tax-calculator/hitchcock-texas
/resources/holloway-village-ohio-sales-tax,/sales-tax-calculator/holloway-ohio
/resources/holly-colorado-sales-tax,/sales-tax-calculator/holly-colorado
/resources/holly-village-michigan-sales-tax,/sales-tax-calculator/holly-michigan
/resources/homerville-georgia-sales-tax,/sales-tax-calculator/homerville-georgia
/resources/hopkins-minnesota-sales-tax,/sales-tax-calculator/hopkins-minnesota
/resources/hornbeak-tennessee-sales-tax,/sales-tax-calculator/hornbeak-tennessee
/resources/hume-village-illinois-sales-tax,/sales-tax-calculator/hume-illinois
/resources/huntertown-indiana-sales-tax,/sales-tax-calculator/huntertown-indiana
/resources/hyrum-utah-sales-tax,/sales-tax-calculator/hyrum-utah
/resources/iberia-missouri-sales-tax,/sales-tax-calculator/iberia-missouri
/resources/idaho-falls-idaho-sales-tax,/sales-tax-calculator/idaho-falls-idaho
/resources/imperial-beach-california-sales-tax,/sales-tax-calculator/imperial-beach-california
/resources/ingalls-indiana-sales-tax,/sales-tax-calculator/ingalls-indiana
/resources/iron-gate-virginia-sales-tax,/sales-tax-calculator/iron-gate-virginia
/resources/irving-texas-sales-tax,/sales-tax-calculator/irving-texas
/resources/island-park-village-new-york-sales-tax,/sales-tax-calculator/island-park-new-york
/resources/ithaca-new-york-sales-tax,/sales-tax-calculator/ithaca-new-york
/resources/jacksonville-georgia-sales-tax,/sales-tax-calculator/jacksonville-georgia
/resources/jamestown-colorado-sales-tax,/sales-tax-calculator/jamestown-colorado
/resources/jamestown-tennessee-sales-tax,/sales-tax-calculator/jamestown-tennessee
/resources/jefferson-city-missouri-sales-tax,/sales-tax-calculator/jefferson-city-missouri
/resources/joliet-illinois-sales-tax,/sales-tax-calculator/joliet-illinois
/resources/joshua-texas-sales-tax,/sales-tax-calculator/joshua-texas
/resources/kankakee-illinois-sales-tax,/sales-tax-calculator/kankakee-illinois
/resources/kannapolis-north-carolina-sales-tax,/sales-tax-calculator/kannapolis-north-carolina
/resources/kaufman-texas-sales-tax,/sales-tax-calculator/kaufman-texas
/resources/kennedale-texas-sales-tax,/sales-tax-calculator/kennedale-texas
/resources/kenosha-wisconsin-sales-tax,/sales-tax-calculator/kenosha-wisconsin
/resources/kent-ohio-sales-tax,/sales-tax-calculator/kent-ohio
/resources/kentland-indiana-sales-tax,/sales-tax-calculator/kentland-indiana
/resources/kenton-ohio-sales-tax,/sales-tax-calculator/kenton-ohio
/resources/key-colony-beach-florida-sales-tax,/sales-tax-calculator/key-colony-beach-florida
/resources/killeen-texas-sales-tax,/sales-tax-calculator/killeen-texas
/resources/killen-alabama-sales-tax,/sales-tax-calculator/killen-alabama
/resources/kings-mountain-north-carolina-sales-tax,/sales-tax-calculator/kings-mountain-north-carolina
/resources/kingsbury-texas-sales-tax,/sales-tax-calculator/kingsbury-texas
/resources/kingston-wisconsin-sales-tax,/sales-tax-calculator/kingston-wisconsin
/resources/kirkland-village-illinois-sales-tax,/sales-tax-calculator/kirkland-illinois
/resources/kit-carson-colorado-sales-tax,/sales-tax-calculator/kit-carson-colorado
/resources/kremlin-oklahoma-sales-tax,/sales-tax-calculator/kremlin-oklahoma
/resources/la-palma-california-sales-tax,/sales-tax-calculator/la-palma-california
/resources/la-porte-indiana-sales-tax,/sales-tax-calculator/la-porte-indiana
/resources/la-quinta-california-sales-tax,/sales-tax-calculator/la-quinta-california
/resources/la-verne-california-sales-tax,/sales-tax-calculator/la-verne-california
/resources/labelle-florida-sales-tax,/sales-tax-calculator/labelle-florida
/resources/lake-elmo-minnesota-sales-tax,/sales-tax-calculator/lake-elmo-minnesota
/resources/lake-forest-california-sales-tax,/sales-tax-calculator/lake-forest-california
/resources/lakeville-minnesota-sales-tax,/sales-tax-calculator/lakeville-minnesota
/resources/lakewood-village-illinois-sales-tax,/sales-tax-calculator/lakewood-illinois
/resources/lakewood-village-new-york-sales-tax,/sales-tax-calculator/lakewood-new-york
/resources/lancaster-wisconsin-sales-tax,/sales-tax-calculator/lancaster-wisconsin
/resources/latah-washington-sales-tax,/sales-tax-calculator/latah-washington
/resources/latham-village-illinois-sales-tax,/sales-tax-calculator/latham-illinois
/resources/lawndale-california-sales-tax,/sales-tax-calculator/lawndale-california
/resources/leander-texas-sales-tax,/sales-tax-calculator/leander-texas
/resources/leesburg-virginia-sales-tax,/sales-tax-calculator/leesburg-virginia
/resources/leland-north-carolina-sales-tax,/sales-tax-calculator/leland-north-carolina
/resources/lena-village-illinois-sales-tax,/sales-tax-calculator/lena-illinois
/resources/lena-wisconsin-sales-tax,/sales-tax-calculator/lena-wisconsin
/resources/lewiston-idaho-sales-tax,/sales-tax-calculator/lewiston-idaho
/resources/lewistown-missouri-sales-tax,/sales-tax-calculator/lewistown-missouri
/resources/lexington-virginia-sales-tax,/sales-tax-calculator/lexington-virginia
/resources/liberty-center-village-ohio-sales-tax,/sales-tax-calculator/liberty-center-ohio
/resources/lincoln-alabama-sales-tax,/sales-tax-calculator/lincoln-alabama
/resources/lindale-texas-sales-tax,/sales-tax-calculator/lindale-texas
/resources/linesville-borough-pennsylvania-sales-tax,/sales-tax-calculator/linesville-pennsylvania
/resources/littlestown-borough-pennsylvania-sales-tax,/sales-tax-calculator/littlestown-pennsylvania
/resources/liverpool-texas-sales-tax,/sales-tax-calculator/liverpool-texas
/resources/liverpool-village-new-york-sales-tax,/sales-tax-calculator/liverpool-new-york
/resources/livingston-texas-sales-tax,/sales-tax-calculator/livingston-texas
/resources/locust-grove-georgia-sales-tax,/sales-tax-calculator/locust-grove-georgia
/resources/locust-north-carolina-sales-tax,/sales-tax-calculator/locust-north-carolina
/resources/lombard-village-illinois-sales-tax,/sales-tax-calculator/lombard-illinois
/resources/lomita-california-sales-tax,/sales-tax-calculator/lomita-california
/resources/lompoc-california-sales-tax,/sales-tax-calculator/lompoc-california
/resources/longmont-colorado-sales-tax,/sales-tax-calculator/longmont-colorado
/resources/los-alamitos-california-sales-tax,/sales-tax-calculator/los-alamitos-california
/resources/los-altos-california-sales-tax,/sales-tax-calculator/los-altos-california
/resources/los-banos-california-sales-tax,/sales-tax-calculator/los-banos-california
/resources/los-gatos-california-sales-tax,/sales-tax-calculator/los-gatos-california
/resources/lovelock-nevada-sales-tax,/sales-tax-calculator/lovelock-nevada
/resources/lowell-massachusetts-sales-tax,/sales-tax-calculator/lowell-massachusetts
/resources/lowry-city-missouri-sales-tax,/sales-tax-calculator/lowry-city-missouri
/resources/lowville-village-new-york-sales-tax,/sales-tax-calculator/lowville-new-york
/resources/lubbock-texas-sales-tax,/sales-tax-calculator/lubbock-texas
/resources/lufkin-texas-sales-tax,/sales-tax-calculator/lufkin-texas
/resources/lynchburg-village-ohio-sales-tax,/sales-tax-calculator/lynchburg-ohio
/resources/lyons-colorado-sales-tax,/sales-tax-calculator/lyons-colorado
/resources/madison-borough-new-jersey-sales-tax,/sales-tax-calculator/madison-new-jersey
/resources/madison-illinois-sales-tax,/sales-tax-calculator/madison-illinois
/resources/magnolia-borough-new-jersey-sales-tax,/sales-tax-calculator/magnolia-new-jersey
/resources/manchester-maryland-sales-tax,/sales-tax-calculator/manchester-maryland
/resources/mankato-kansas-sales-tax,/sales-tax-calculator/mankato-kansas
/resources/marana-arizona-sales-tax,/sales-tax-calculator/marana-arizona
/resources/marathon-florida-sales-tax,/sales-tax-calculator/marathon-florida
/resources/margate-city-new-jersey-sales-tax,/sales-tax-calculator/margate-city-new-jersey
/resources/margate-florida-sales-tax,/sales-tax-calculator/margate-florida
/resources/maribel-wisconsin-sales-tax,/sales-tax-calculator/maribel-wisconsin
/resources/maricopa-arizona-sales-tax,/sales-tax-calculator/maricopa-arizona
/resources/markham-illinois-sales-tax,/sales-tax-calculator/markham-illinois
/resources/markle-indiana-sales-tax,/sales-tax-calculator/markle-indiana
/resources/markleville-indiana-sales-tax,/sales-tax-calculator/markleville-indiana
/resources/markleysburg-borough-pennsylvania-sales-tax,/sales-tax-calculator/markleysburg-pennsylvania
/resources/marlborough-massachusetts-sales-tax,/sales-tax-calculator/marlborough-massachusetts
/resources/mascoutah-illinois-sales-tax,/sales-tax-calculator/mascoutah-illinois
/resources/mason-michigan-sales-tax,/sales-tax-calculator/mason-michigan
/resources/mason-wisconsin-sales-tax,/sales-tax-calculator/mason-wisconsin
/resources/maunie-village-illinois-sales-tax,/sales-tax-calculator/maunie-illinois
/resources/mayo-florida-sales-tax,/sales-tax-calculator/mayo-florida
/resources/mayville-village-new-york-sales-tax,/sales-tax-calculator/mayville-new-york
/resources/meadville-missouri-sales-tax,/sales-tax-calculator/meadville-missouri
/resources/media-borough-pennsylvania-sales-tax,/sales-tax-calculator/media-pennsylvania
/resources/medicine-park-oklahoma-sales-tax,/sales-tax-calculator/medicine-park-oklahoma
/resources/melbourne-village-florida-sales-tax,/sales-tax-calculator/melbourne-florida
/resources/mendon-village-ohio-sales-tax,/sales-tax-calculator/mendon-ohio
/resources/mendota-illinois-sales-tax,/sales-tax-calculator/mendota-illinois
/resources/mercedes-texas-sales-tax,/sales-tax-calculator/mercedes-texas
/resources/meridian-idaho-sales-tax,/sales-tax-calculator/meridian-idaho
/resources/merrillville-indiana-sales-tax,/sales-tax-calculator/merrillville-indiana
/resources/metaline-washington-sales-tax,/sales-tax-calculator/metaline-washington
/resources/miami-arizona-sales-tax,/sales-tax-calculator/miami-arizona
/resources/middle-point-village-ohio-sales-tax,/sales-tax-calculator/middle-point-ohio
/resources/middlebury-indiana-sales-tax,/sales-tax-calculator/middlebury-indiana
/resources/middlefield-village-ohio-sales-tax,/sales-tax-calculator/middlefield-ohio
/resources/middletown-new-york-sales-tax,/sales-tax-calculator/middletown-new-york
/resources/milaca-minnesota-sales-tax,/sales-tax-calculator/milaca-minnesota
/resources/milan-village-ohio-sales-tax,/sales-tax-calculator/milan-ohio
/resources/mill-creek-washington-sales-tax,/sales-tax-calculator/mill-creek-washington
/resources/millersburg-village-michigan-sales-tax,/sales-tax-calculator/millersburg-michigan
/resources/millville-new-jersey-sales-tax,/sales-tax-calculator/millville-new-jersey
/resources/milton-borough-pennsylvania-sales-tax,/sales-tax-calculator/milton-pennsylvania
/resources/minneola-florida-sales-tax,/sales-tax-calculator/minneola-florida
/resources/molena-georgia-sales-tax,/sales-tax-calculator/molena-georgia
/resources/monrovia-indiana-sales-tax,/sales-tax-calculator/monrovia-indiana
/resources/montague-california-sales-tax,/sales-tax-calculator/montague-california
/resources/montebello-california-sales-tax,/sales-tax-calculator/montebello-california
/resources/monterey-virginia-sales-tax,/sales-tax-calculator/monterey-virginia
/resources/montgomery-texas-sales-tax,/sales-tax-calculator/montgomery-texas
/resources/morrison-tennessee-sales-tax,/sales-tax-calculator/morrison-tennessee
/resources/morton-texas-sales-tax,/sales-tax-calculator/morton-texas
/resources/mound-city-missouri-sales-tax,/sales-tax-calculator/mound-city-missouri
/resources/mount-calm-texas-sales-tax,/sales-tax-calculator/mount-calm-texas
/resources/mount-carmel-illinois-sales-tax,/sales-tax-calculator/mount-carmel-illinois
/resources/mount-hope-wisconsin-sales-tax,/sales-tax-calculator/mount-hope-wisconsin
/resources/mount-pleasant-tennessee-sales-tax,/sales-tax-calculator/mount-pleasant-tennessee
/resources/mount-sterling-wisconsin-sales-tax,/sales-tax-calculator/mount-sterling-wisconsin
/resources/mukilteo-washington-sales-tax,/sales-tax-calculator/mukilteo-washington
/resources/muncie-indiana-sales-tax,/sales-tax-calculator/muncie-indiana
/resources/muncy-borough-pennsylvania-sales-tax,/sales-tax-calculator/muncy-pennsylvania
/resources/myersville-maryland-sales-tax,/sales-tax-calculator/myersville-maryland
/resources/napavine-washington-sales-tax,/sales-tax-calculator/napavine-washington
/resources/needville-texas-sales-tax,/sales-tax-calculator/needville-texas
/resources/new-alexandria-borough-pennsylvania-sales-tax,/sales-tax-calculator/new-alexandria-pennsylvania
/resources/new-bedford-village-illinois-sales-tax,/sales-tax-calculator/new-bedford-illinois
/resources/new-berlin-village-new-york-sales-tax,/sales-tax-calculator/new-berlin-new-york
/resources/new-carlisle-indiana-sales-tax,/sales-tax-calculator/new-carlisle-indiana
/resources/new-castle-virginia-sales-tax,/sales-tax-calculator/new-castle-virginia
/resources/new-haven-connecticut-sales-tax,/sales-tax-calculator/new-haven-connecticut
/resources/new-milford-borough-pennsylvania-sales-tax,/sales-tax-calculator/new-milford-pennsylvania
/resources/new-plymouth-idaho-sales-tax,/sales-tax-calculator/new-plymouth-idaho
/resources/new-prague-minnesota-sales-tax,/sales-tax-calculator/new-prague-minnesota
/resources/newark-new-jersey-sales-tax,/sales-tax-calculator/newark-new-jersey
/resources/newark-ohio-sales-tax,/sales-tax-calculator/newark-ohio
/resources/newland-north-carolina-sales-tax,/sales-tax-calculator/newland-north-carolina
/resources/newnan-georgia-sales-tax,/sales-tax-calculator/newnan-georgia
/resources/niantic-village-illinois-sales-tax,/sales-tax-calculator/niantic-illinois
/resources/norlina-north-carolina-sales-tax,/sales-tax-calculator/norlina-north-carolina
/resources/north-lewisburg-village-ohio-sales-tax,/sales-tax-calculator/north-lewisburg-ohio
/resources/north-tonawanda-new-york-sales-tax,/sales-tax-calculator/north-tonawanda-new-york
/resources/norwalk-wisconsin-sales-tax,/sales-tax-calculator/norwalk-wisconsin
/resources/oak-park-village-illinois-sales-tax,/sales-tax-calculator/oak-park-illinois
/resources/oakville-washington-sales-tax,/sales-tax-calculator/oakville-washington
/resources/ocean-city-new-jersey-sales-tax,/sales-tax-calculator/ocean-city-new-jersey
/resources/ocean-shores-washington-sales-tax,/sales-tax-calculator/ocean-shores-washington
/resources/ogden-village-illinois-sales-tax,/sales-tax-calculator/ogden-illinois
/resources/ojai-california-sales-tax,/sales-tax-calculator/ojai-california
/resources/orange-cove-california-sales-tax,/sales-tax-calculator/orange-cove-california
/resources/orfordville-wisconsin-sales-tax,/sales-tax-calculator/orfordville-wisconsin
/resources/orinda-california-sales-tax,/sales-tax-calculator/orinda-california
/resources/oriskany-village-new-york-sales-tax,/sales-tax-calculator/oriskany-new-york
/resources/orland-california-sales-tax,/sales-tax-calculator/orland-california
/resources/orlando-florida-sales-tax,/sales-tax-calculator/orlando-florida
/resources/oroville-washington-sales-tax,/sales-tax-calculator/oroville-washington
/resources/ostrander-village-ohio-sales-tax,/sales-tax-calculator/ostrander-ohio
/resources/palatine-bridge-village-new-york-sales-tax,/sales-tax-calculator/palatine-bridge-new-york
/resources/palm-beach-gardens-florida-sales-tax,/sales-tax-calculator/palm-beach-gardens-florida
/resources/palm-springs-california-sales-tax,/sales-tax-calculator/palm-springs-california
/resources/paragon-indiana-sales-tax,/sales-tax-calculator/paragon-indiana
/resources/paris-idaho-sales-tax,/sales-tax-calculator/paris-idaho
/resources/park-rapids-minnesota-sales-tax,/sales-tax-calculator/park-rapids-minnesota
/resources/park-ridge-borough-new-jersey-sales-tax,/sales-tax-calculator/park-ridge-new-jersey
/resources/parksley-virginia-sales-tax,/sales-tax-calculator/parksley-virginia
/resources/parrottsville-tennessee-sales-tax,/sales-tax-calculator/parrottsville-tennessee
/resources/passaic-new-jersey-sales-tax,/sales-tax-calculator/passaic-new-jersey
/resources/patchogue-village-new-york-sales-tax,/sales-tax-calculator/patchogue-new-york
/resources/paulding-village-ohio-sales-tax,/sales-tax-calculator/paulding-ohio
/resources/paynesville-minnesota-sales-tax,/sales-tax-calculator/paynesville-minnesota
/resources/pecan-gap-texas-sales-tax,/sales-tax-calculator/pecan-gap-texas
/resources/pembroke-pines-florida-sales-tax,/sales-tax-calculator/pembroke-pines-florida
/resources/pendleton-indiana-sales-tax,/sales-tax-calculator/pendleton-indiana
/resources/pennville-indiana-sales-tax,/sales-tax-calculator/pennville-indiana
/resources/pensacola-florida-sales-tax,/sales-tax-calculator/pensacola-florida
/resources/perris-california-sales-tax,/sales-tax-calculator/perris-california
/resources/perry-missouri-sales-tax,/sales-tax-calculator/perry-missouri
/resources/petrolia-borough-pennsylvania-sales-tax,/sales-tax-calculator/petrolia-pennsylvania
/resources/phillipsburg-new-jersey-sales-tax,/sales-tax-calculator/phillipsburg-new-jersey
/resources/philo-village-ohio-sales-tax,/sales-tax-calculator/philo-ohio
/resources/phoenixville-borough-pennsylvania-sales-tax,/sales-tax-calculator/phoenixville-pennsylvania
/resources/pine-mountain-georgia-sales-tax,/sales-tax-calculator/pine-mountain-georgia
/resources/pinehurst-texas-sales-tax,/sales-tax-calculator/pinehurst-texas
/resources/pittsburg-california-sales-tax,/sales-tax-calculator/pittsburg-california
/resources/plainview-texas-sales-tax,/sales-tax-calculator/plainview-texas
/resources/plainville-village-illinois-sales-tax,/sales-tax-calculator/plainville-illinois
/resources/plano-illinois-sales-tax,/sales-tax-calculator/plano-illinois
/resources/platte-city-missouri-sales-tax,/sales-tax-calculator/platte-city-missouri
/resources/plattsburgh-new-york-sales-tax,/sales-tax-calculator/plattsburgh-new-york
/resources/pleasantville-village-new-york-sales-tax,/sales-tax-calculator/pleasantville-new-york
/resources/pomona-park-florida-sales-tax,/sales-tax-calculator/pomona-park-florida
/resources/poncha-springs-colorado-sales-tax,/sales-tax-calculator/poncha-springs-colorado
/resources/pond-creek-oklahoma-sales-tax,/sales-tax-calculator/pond-creek-oklahoma
/resources/portage-michigan-sales-tax,/sales-tax-calculator/portage-michigan
/resources/portage-wisconsin-sales-tax,/sales-tax-calculator/portage-wisconsin
/resources/portland-texas-sales-tax,/sales-tax-calculator/portland-texas
/resources/poughkeepsie-new-york-sales-tax,/sales-tax-calculator/poughkeepsie-new-york
/resources/pulaski-tennessee-sales-tax,/sales-tax-calculator/pulaski-tennessee
/resources/pyote-texas-sales-tax,/sales-tax-calculator/pyote-texas
/resources/quanah-texas-sales-tax,/sales-tax-calculator/quanah-texas
/resources/quincy-village-ohio-sales-tax,/sales-tax-calculator/quincy-ohio
/resources/quinlan-texas-sales-tax,/sales-tax-calculator/quinlan-texas
/resources/rancho-mirage-california-sales-tax,/sales-tax-calculator/rancho-mirage-california
/resources/rankin-village-illinois-sales-tax,/sales-tax-calculator/rankin-illinois
/resources/red-bluff-california-sales-tax,/sales-tax-calculator/red-bluff-california
/resources/red-hook-village-new-york-sales-tax,/sales-tax-calculator/red-hook-new-york
/resources/reedley-california-sales-tax,/sales-tax-calculator/reedley-california
/resources/rensselaer-new-york-sales-tax,/sales-tax-calculator/rensselaer-new-york
/resources/reynoldsburg-ohio-sales-tax,/sales-tax-calculator/reynoldsburg-ohio
/resources/richmond-kentucky-sales-tax,/sales-tax-calculator/richmond-kentucky
/resources/richmond-michigan-sales-tax,/sales-tax-calculator/richmond-michigan
/resources/ridott-village-illinois-sales-tax,/sales-tax-calculator/ridott-illinois
/resources/river-rouge-michigan-sales-tax,/sales-tax-calculator/river-rouge-michigan
/resources/rochelle-georgia-sales-tax,/sales-tax-calculator/rochelle-georgia
/resources/rochester-new-york-sales-tax,/sales-tax-calculator/rochester-new-york
/resources/rock-hall-maryland-sales-tax,/sales-tax-calculator/rock-hall-maryland
/resources/rock-port-missouri-sales-tax,/sales-tax-calculator/rock-port-missouri
/resources/roma-texas-sales-tax,/sales-tax-calculator/roma-texas
/resources/rome-new-york-sales-tax,/sales-tax-calculator/rome-new-york
/resources/roscommon-village-michigan-sales-tax,/sales-tax-calculator/roscommon-michigan
/resources/rose-hill-kansas-sales-tax,/sales-tax-calculator/rose-hill-kansas
/resources/rosholt-wisconsin-sales-tax,/sales-tax-calculator/rosholt-wisconsin
/resources/rossburg-village-ohio-sales-tax,/sales-tax-calculator/rossburg-ohio
/resources/royal-center-indiana-sales-tax,/sales-tax-calculator/royal-center-indiana
/resources/saddle-river-borough-new-jersey-sales-tax,/sales-tax-calculator/saddle-river-new-jersey
/resources/salem-illinois-sales-tax,/sales-tax-calculator/salem-illinois
/resources/salem-massachusetts-sales-tax,/sales-tax-calculator/salem-massachusetts
/resources/salyersville-kentucky-sales-tax,/sales-tax-calculator/salyersville-kentucky
/resources/san-augustine-texas-sales-tax,/sales-tax-calculator/san-augustine-texas
/resources/san-elizario-texas-sales-tax,/sales-tax-calculator/san-elizario-texas
/resources/san-fernando-california-sales-tax,/sales-tax-calculator/san-fernando-california
/resources/san-leandro-california-sales-tax,/sales-tax-calculator/san-leandro-california
/resources/san-luis-arizona-sales-tax,/sales-tax-calculator/san-luis-arizona
/resources/santa-anna-texas-sales-tax,/sales-tax-calculator/santa-anna-texas
/resources/santee-california-sales-tax,/sales-tax-calculator/santee-california
/resources/scotland-georgia-sales-tax,/sales-tax-calculator/scotland-georgia
/resources/scotts-valley-california-sales-tax,/sales-tax-calculator/scotts-valley-california
/resources/scranton-north-dakota-sales-tax,/sales-tax-calculator/scranton-north-dakota
/resources/screven-georgia-sales-tax,/sales-tax-calculator/screven-georgia
/resources/seagraves-texas-sales-tax,/sales-tax-calculator/seagraves-texas
/resources/seattle-washington-sales-tax,/sales-tax-calculator/seattle-washington
/resources/sebastopol-california-sales-tax,/sales-tax-calculator/sebastopol-california
/resources/sebring-florida-sales-tax,/sales-tax-calculator/sebring-florida
/resources/sebring-village-ohio-sales-tax,/sales-tax-calculator/sebring-ohio
/resources/selmer-tennessee-sales-tax,/sales-tax-calculator/selmer-tennessee
/resources/seymour-texas-sales-tax,/sales-tax-calculator/seymour-texas
/resources/shadyside-village-ohio-sales-tax,/sales-tax-calculator/shadyside-ohio
/resources/shakopee-minnesota-sales-tax,/sales-tax-calculator/shakopee-minnesota
/resources/sheridan-lake-colorado-sales-tax,/sales-tax-calculator/sheridan-lake-colorado
/resources/snowflake-arizona-sales-tax,/sales-tax-calculator/snowflake-arizona
/resources/solana-beach-california-sales-tax,/sales-tax-calculator/solana-beach-california
/resources/soledad-california-sales-tax,/sales-tax-calculator/soledad-california
/resources/solon-springs-wisconsin-sales-tax,/sales-tax-calculator/solon-springs-wisconsin
/resources/sonoma-california-sales-tax,/sales-tax-calculator/sonoma-california
/resources/south-bend-indiana-sales-tax,/sales-tax-calculator/south-bend-indiana
/resources/south-st-paul-minnesota-sales-tax,/sales-tax-calculator/south-saint-paul-minnesota
/resources/sparks-nevada-sales-tax,/sales-tax-calculator/sparks-nevada
/resources/spindale-north-carolina-sales-tax,/sales-tax-calculator/spindale-north-carolina
/resources/spring-hill-tennessee-sales-tax,/sales-tax-calculator/spring-hill-tennessee
/resources/spring-hope-north-carolina-sales-tax,/sales-tax-calculator/spring-hope-north-carolina
/resources/spring-lake-borough-new-jersey-sales-tax,/sales-tax-calculator/spring-lake-new-jersey
/resources/springfield-missouri-sales-tax,/sales-tax-calculator/springfield-missouri
/resources/st-clair-michigan-sales-tax,/sales-tax-calculator/saint-clair-michigan
/resources/st-elmo-illinois-sales-tax,/sales-tax-calculator/saint-elmo-illinois
/resources/st-louis-missouri-sales-tax,/sales-tax-calculator/saint-louis-missouri
/resources/st-paul-minnesota-sales-tax,/sales-tax-calculator/saint-paul-minnesota
/resources/st-petersburg-florida-sales-tax,/sales-tax-calculator/saint-petersburg-florida
/resources/stafford-texas-sales-tax,/sales-tax-calculator/stafford-texas
/resources/stantonsburg-north-carolina-sales-tax,/sales-tax-calculator/stantonsburg-north-carolina
/resources/staples-texas-sales-tax,/sales-tax-calculator/staples-texas
/resources/statham-georgia-sales-tax,/sales-tax-calculator/statham-georgia
/resources/staunton-illinois-sales-tax,/sales-tax-calculator/staunton-illinois
/resources/stockbridge-georgia-sales-tax,/sales-tax-calculator/stockbridge-georgia
/resources/stockton-village-illinois-sales-tax,/sales-tax-calculator/stockton-illinois
/resources/strongsville-ohio-sales-tax,/sales-tax-calculator/strongsville-ohio
/resources/sunray-texas-sales-tax,/sales-tax-calculator/sunray-texas
/resources/sunset-beach-north-carolina-sales-tax,/sales-tax-calculator/sunset-beach-north-carolina
/resources/surgoinsville-tennessee-sales-tax,/sales-tax-calculator/surgoinsville-tennessee
/resources/tazewell-tennessee-sales-tax,/sales-tax-calculator/tazewell-tennessee
/resources/tecumseh-oklahoma-sales-tax,/sales-tax-calculator/tecumseh-oklahoma
/resources/tehachapi-california-sales-tax,/sales-tax-calculator/tehachapi-california
/resources/tehuacana-texas-sales-tax,/sales-tax-calculator/tehuacana-texas
/resources/temple-oklahoma-sales-tax,/sales-tax-calculator/temple-oklahoma
/resources/temple-texas-sales-tax,/sales-tax-calculator/temple-texas
/resources/templeville-maryland-sales-tax,/sales-tax-calculator/templeville-maryland
/resources/tensed-idaho-sales-tax,/sales-tax-calculator/tensed-idaho
/resources/timpson-texas-sales-tax,/sales-tax-calculator/timpson-texas
/resources/toms-brook-virginia-sales-tax,/sales-tax-calculator/toms-brook-virginia
/resources/tracy-california-sales-tax,/sales-tax-calculator/tracy-california
/resources/trafalgar-indiana-sales-tax,/sales-tax-calculator/trafalgar-indiana
/resources/trimble-tennessee-sales-tax,/sales-tax-calculator/trimble-tennessee
/resources/trinidad-colorado-sales-tax,/sales-tax-calculator/trinidad-colorado
/resources/troy-grove-village-illinois-sales-tax,/sales-tax-calculator/troy-grove-illinois
/resources/troy-north-carolina-sales-tax,/sales-tax-calculator/troy-north-carolina
/resources/truman-minnesota-sales-tax,/sales-tax-calculator/truman-minnesota
/resources/tucson-arizona-sales-tax,/sales-tax-calculator/tucson-arizona
/resources/tulia-texas-sales-tax,/sales-tax-calculator/tulia-texas
/resources/tumwater-washington-sales-tax,/sales-tax-calculator/tumwater-washington
/resources/turlock-california-sales-tax,/sales-tax-calculator/turlock-california
/resources/twin-falls-idaho-sales-tax,/sales-tax-calculator/twin-falls-idaho
/resources/upper-sandusky-ohio-sales-tax,/sales-tax-calculator/upper-sandusky-ohio
/resources/urbana-illinois-sales-tax,/sales-tax-calculator/urbana-illinois
/resources/urbanna-virginia-sales-tax,/sales-tax-calculator/urbanna-virginia
/resources/urich-missouri-sales-tax,/sales-tax-calculator/urich-missouri
/resources/ursa-village-illinois-sales-tax,/sales-tax-calculator/ursa-illinois
/resources/vail-colorado-sales-tax,/sales-tax-calculator/vail-colorado
/resources/valders-wisconsin-sales-tax,/sales-tax-calculator/valders-wisconsin
/resources/van-buren-indiana-sales-tax,/sales-tax-calculator/van-buren-indiana
/resources/vernon-hills-village-illinois-sales-tax,/sales-tax-calculator/vernon-hills-illinois
/resources/verona-borough-pennsylvania-sales-tax,/sales-tax-calculator/verona-pennsylvania
/resources/versailles-kentucky-sales-tax,/sales-tax-calculator/versailles-kentucky
/resources/versailles-missouri-sales-tax,/sales-tax-calculator/versailles-missouri
/resources/victor-idaho-sales-tax,/sales-tax-calculator/victor-idaho
/resources/villa-rica-georgia-sales-tax,/sales-tax-calculator/villa-rica-georgia
/resources/villard-minnesota-sales-tax,/sales-tax-calculator/villard-minnesota
/resources/vincennes-indiana-sales-tax,/sales-tax-calculator/vincennes-indiana
/resources/vinton-village-ohio-sales-tax,/sales-tax-calculator/vinton-ohio
/resources/vonore-tennessee-sales-tax,/sales-tax-calculator/vonore-tennessee
/resources/waipahu-hawaii-sales-tax,/sales-tax-calculator/waipahu-hawaii
/resources/wales-wisconsin-sales-tax,/sales-tax-calculator/wales-wisconsin
/resources/walled-lake-michigan-sales-tax,/sales-tax-calculator/walled-lake-michigan
/resources/walnut-creek-california-sales-tax,/sales-tax-calculator/walnut-creek-california
/resources/walnut-grove-missouri-sales-tax,/sales-tax-calculator/walnut-grove-missouri
/resources/waltham-massachusetts-sales-tax,/sales-tax-calculator/waltham-massachusetts
/resources/wanamingo-minnesota-sales-tax,/sales-tax-calculator/wanamingo-minnesota
/resources/wapakoneta-ohio-sales-tax,/sales-tax-calculator/wapakoneta-ohio
/resources/warrenton-north-carolina-sales-tax,/sales-tax-calculator/warrenton-north-carolina
/resources/washburn-missouri-sales-tax,/sales-tax-calculator/washburn-missouri
/resources/washburn-wisconsin-sales-tax,/sales-tax-calculator/washburn-wisconsin
/resources/washington-illinois-sales-tax,/sales-tax-calculator/washington-illinois
/resources/waubun-minnesota-sales-tax,/sales-tax-calculator/waubun-minnesota
/resources/webster-village-new-york-sales-tax,/sales-tax-calculator/webster-new-york
/resources/weimar-texas-sales-tax,/sales-tax-calculator/weimar-texas
/resources/welaka-florida-sales-tax,/sales-tax-calculator/welaka-florida
/resources/wentworth-north-carolina-sales-tax,/sales-tax-calculator/wentworth-north-carolina
/resources/wentzville-missouri-sales-tax,/sales-tax-calculator/wentzville-missouri
/resources/west-bend-wisconsin-sales-tax,/sales-tax-calculator/west-bend-wisconsin
/resources/west-chester-borough-pennsylvania-sales-tax,/sales-tax-calculator/west-chester-pennsylvania
/resources/west-chicago-illinois-sales-tax,/sales-tax-calculator/west-chicago-illinois
/resources/west-lafayette-village-ohio-sales-tax,/sales-tax-calculator/west-lafayette-ohio
/resources/west-monroe-louisiana-sales-tax,/sales-tax-calculator/west-monroe-louisiana
/resources/west-richland-washington-sales-tax,/sales-tax-calculator/west-richland-washington
/resources/westfield-massachusetts-sales-tax,/sales-tax-calculator/westfield-massachusetts
/resources/wheatland-california-sales-tax,/sales-tax-calculator/wheatland-california
/resources/white-lake-wisconsin-sales-tax,/sales-tax-calculator/white-lake-wisconsin
/resources/whitelaw-wisconsin-sales-tax,/sales-tax-calculator/whitelaw-wisconsin
/resources/whitesburg-georgia-sales-tax,/sales-tax-calculator/whitesburg-georgia
/resources/whitestown-indiana-sales-tax,/sales-tax-calculator/whitestown-indiana
/resources/whitney-point-village-new-york-sales-tax,/sales-tax-calculator/whitney-point-new-york
/resources/wichita-falls-texas-sales-tax,/sales-tax-calculator/wichita-falls-texas
/resources/wild-rose-wisconsin-sales-tax,/sales-tax-calculator/wild-rose-wisconsin
/resources/wildwood-new-jersey-sales-tax,/sales-tax-calculator/wildwood-new-jersey
/resources/williams-arizona-sales-tax,/sales-tax-calculator/williams-arizona
/resources/williams-bay-wisconsin-sales-tax,/sales-tax-calculator/williams-bay-wisconsin
/resources/willoughby-ohio-sales-tax,/sales-tax-calculator/willoughby-ohio
/resources/willow-oklahoma-sales-tax,/sales-tax-calculator/willow-oklahoma
/resources/winchester-village-ohio-sales-tax,/sales-tax-calculator/winchester-ohio
/resources/winger-minnesota-sales-tax,/sales-tax-calculator/winger-minnesota
/resources/winkelman-arizona-sales-tax,/sales-tax-calculator/winkelman-arizona
/resources/winslow-arizona-sales-tax,/sales-tax-calculator/winslow-arizona
/resources/winter-garden-florida-sales-tax,/sales-tax-calculator/winter-garden-florida
/resources/winter-park-colorado-sales-tax,/sales-tax-calculator/winter-park-colorado
/resources/wisconsin-dells-wisconsin-sales-tax,/sales-tax-calculator/wisconsin-dells-wisconsin
/resources/wonewoc-wisconsin-sales-tax,/sales-tax-calculator/wonewoc-wisconsin
/resources/wood-dale-illinois-sales-tax,/sales-tax-calculator/wood-dale-illinois
/resources/woodsboro-maryland-sales-tax,/sales-tax-calculator/woodsboro-maryland
/resources/woodston-kansas-sales-tax,/sales-tax-calculator/woodston-kansas
/resources/wooster-ohio-sales-tax,/sales-tax-calculator/wooster-ohio
/resources/worcester-massachusetts-sales-tax,/sales-tax-calculator/worcester-massachusetts
/resources/yale-michigan-sales-tax,/sales-tax-calculator/yale-michigan
/resources/youngsville-north-carolina-sales-tax,/sales-tax-calculator/youngsville-north-carolina
/resources/yountville-california-sales-tax,/sales-tax-calculator/yountville-california
/resources/yreka-california-sales-tax,/sales-tax-calculator/yreka-california
/resources/yuma-arizona-sales-tax,/sales-tax-calculator/yuma-arizona
/resources/yutan-nebraska-sales-tax,/sales-tax-calculator/yutan-nebraska
/resources/zanesville-indiana-sales-tax,/sales-tax-calculator/zanesville-indiana
